{
  "triggers": [],
  "objectives": [
    {
      "type": "questlog:item_craft",
      "total": 1,
      "item": "butcher:hook",
      "display": {
        "name": "Craft Hooks",
        "icon": {
          "item": "butcher:hook"
        }
      }
    },
    {
      "type": "questlog:item_craft",
      "total": 1,
      "item": "#c:knives",
      "display": {
        "name": "Craft a Cleaver",
        "icon": {
          "item": "butcher:butchers_knife"
        }
      }
    },
    {
      "type": "questlog:item_craft",
      "total": 1,
      "item": "#butcher:skinning_knife",
      "display": {
        "name": "Craft a Skinning Knife",
        "icon": {
          "item": "butcher:skinning_knife"
        }
      }
    }
  ],
  "rewards": [
    {
      "type": "questlog:item",
      "item": "minecraft:bone",
      "count": 2,
      "display": {
        "name": "Scavanged Bones",
        "icon": {
          "item": "minecraft:bone"
        }
      }
    }
  ],
  "display": {
    "title": "Butcher",
    "description": "Getting meat and hide from animals requires you to prepare the corpse, drain it, and harvest the items with a knife. You can use a Skinning Knife on certain animal corpses to gather their hide before you drain and harvest them.",
    "icon": {
      "item": "butcher:butchersapron_chestplate"
    },
    "notification": {
      "toastOnTrigger": false
    }
  }
}