{
  "triggers": [
    {
      "type": "questlog:block_mine",
      "total": 1,
      "block": "#missile:diamond_ore"
    }
  ],
  "objectives": [
    {
      "type": "questlog:item_craft",
      "total": 1,
      "item": "minecraft:diamond_pickaxe",
      "display": {
        "name": "Craft a Diamond Pickaxe",
        "icon": {
          "item": "minecraft:diamond_pickaxe"
        }
      }
    }
  ],
  "rewards": [
    {
      "type": "questlog:experience",
      "level": false,
      "experience": 20,
      "display": {
        "name": "Experience",
        "icon": {
          "item": "minecraft:experience_bottle"
        }
      }
    }
  ],
  "display": {
    "title": "The Diamond Age",
    "description": "How many dang ages are there? The steps to make diamond tools and armor are similar to that of iron, it just requires an additional step. Check EMI for the exact recipes and steps.",
    "icon": {
      "item": "hot_iron:polished_diamond_pickaxe_head_in_tongs"
    }
  }
}