{
  "triggers": [],
  "objectives": [
    {
      "type": "questlog:item_pickup",
      "total": 1,
      "item": "#tide:journal_fish",
      "display": {
        "name": "Fish a Fish",
        "icon": {
          "item": "tide:diamond_fishing_rod"
        }
      }
    }
  ],
  "rewards": [
    {
      "type": "questlog:item",
      "item": "tide:bait",
      "count": 4,
      "display": {
        "name": "Grubs",
        "icon": {
          "item": "tide:bait"
        }
      }
    }
  ],
  "display": {
    "title": "Gone Fishin'",
    "description": "There are new fishing rods, bobbers, bait, etc. along with a new minigame to catch the fish. There are also a variety of fish to be caught. Some specific to locations, biomes, height, liquids, dimension, etc. Can you catch them all?",
    "icon": {
      "item": "minecraft:fishing_rod"
    },
    "notification": {
      "toastOnTrigger": false
    }
  }
}