{
  "triggers": [
    {
      "type": "questlog:block_mine",
      "total": 1,
      "block": "#missile:iron_ore"
    }
  ],
  "objectives": [
    {
      "type": "questlog:item_craft",
      "total": 1,
      "item": "minecraft:iron_pickaxe",
      "display": {
        "name": "Craft an Iron Pickaxe",
        "icon": {
          "item": "minecraft:iron_pickaxe"
        }
      }
    }
  ],
  "rewards": [
    {
      "type": "questlog:item",
      "item": "minecraft:iron_nugget",
      "count": 4,
      "display": {
        "name": "Metal Scraps",
        "icon": {
          "item": "minecraft:iron_nugget"
        }
      }
    }
  ],
  "display": {
    "title": "The Iron Age",
    "description": "To create Iron Tools and Armor, you need the items shown in the quest, \"The Smith\". You can view specific recipes in EMI. Use the Bellows to turn Fire into High Fire. Craft an iron and a tong and then right click the high fire with the Tongs holding Iron to heat the iron up. Right click Tongs with Hot Iron onto a Smithing Anvil. Repeat until you get the amount of Hot Iron you need. Shape the hot iron into what tool part you want. Use the hammer to turn the Hot Iron into a Hot Tool Part. Move it to your inventory while having empty tongs, then right click water with the tongs and then right click a grindstone to polish it. Combine that with a hilt/handle to turn it into the tool you want.",
    "icon": {
      "item": "hot_iron:hot_iron_pickaxe_head_in_tongs"
    }
  }
}