{
  "triggers": [],
  "objectives": [
    {
      "type": "questlog:item_craft",
      "total": 1,
      "item": "legendarysurvivaloverhaul:healing_herbs",
      "display": {
        "name": "Craft Healing Herbs",
        "icon": {
          "item": "legendarysurvivaloverhaul:healing_herbs"
        }
      }
    }
  ],
  "rewards": [
    {
      "type": "questlog:item",
      "item": "legendarysurvivaloverhaul:healing_herbs",
      "display": {
        "name": "Bonus Herbs",
        "icon": {
          "item": "legendarysurvivaloverhaul:healing_herbs"
        }
      }
    }
  ],
  "display": {
    "title": "Limbs and You",
    "description": "Taking damage will hurt one of your limbs. The more damaged your limbs are, the more debuffs you will get. You can make different items to restore your limb health. The easiest one to make are the Healing Herbs.",
    "icon": {
      "item": "legendarysurvivaloverhaul:medkit"
    },
    "notification": {
      "toastOnTrigger": false
    }
  }
}