{
  "triggers": [],
  "objectives": [
    {
      "type": "questlog:item_craft",
      "total": 1,
      "item": "supplementaries:lunch_basket",
      "display": {
        "name": "Craft a Lunch Basket",
        "icon": {
          "item": "supplementaries:lunch_basket"
        }
      }
    }
  ],
  "rewards": [
    {
      "type": "questlog:item",
      "item": "minecraft:apple",
      "display": {
        "name": "Apple",
        "icon": {
          "item": "minecraft:apple"
        }
      }
    }
  ],
  "display": {
    "title": "Nutrition",
    "description": "Nutrition is important to keep healthy. Mismanaging your nutrition can lead to debuffs. Managing correctly can lead to some useful buffs. A lunch basket can help manage your food without taking up multiple slots.",
    "icon": {
      "item": "supplementaries:lunch_basket"
    },
    "notification": {
      "toastOnTrigger": false
    }
  }
}