{
  "triggers": [],
  "objectives": [
    {
      "type": "questlog:item_craft",
      "total": 1,
      "item": "minecraft:bundle",
      "display": {
        "name": "Craft a Bundle",
        "icon": {
          "item": "minecraft:bundle"
        }
      }
    },
    {
      "type": "questlog:item_craft",
      "total": 1,
      "item": "backpacked:backpack",
      "display": {
        "name": "Craft a Backpack",
        "icon": {
          "item": "backpacked:backpack"
        }
      }
    }
  ],
  "rewards": [
    {
      "type": "questlog:item",
      "item": "minecraft:leather",
      "display": {
        "name": "Leather Scrap Leftovers",
        "icon": {
          "item": "minecraft:leather"
        }
      }
    }
  ],
  "display": {
    "title": "Portable Storage",
    "description": "Backpacks and Bundles can help you carry all of your items and junk you need to haul around or back to your base. You can only have one backpack useable at a time but can have multiple bundles.",
    "icon": {
      "item": "backpacked:backpack"
    },
    "notification": {
      "toastOnTrigger": false
    }
  }
}