{
  "triggers": [],
  "objectives": [
    {
      "type": "questlog:item_craft",
      "total": 1,
      "item": "sanitydim:garland",
      "display": {
        "name": "Craft a Garland",
        "icon": {
          "item": "sanitydim:garland"
        }
      }
    }
  ],
  "rewards": [
    {
      "type": "questlog:item",
      "item": "minecraft:poppy",
      "count": 2,
      "display": {
        "name": "Scavanged Flowers",
        "icon": {
          "item": "minecraft:poppy"
        }
      }
    }
  ],
  "display": {
    "title": "Sanity",
    "description": "Sanity is something that can drop rapidly if you aren't careful. The dark, monsters, hunger, damage, and other negative situations can cause you to lose sanity. There are ways to regain sanity. Lit campfires, flower pots, candles, carpets, alchohol, garlands and other objects can help in regaining sanity. You can look up \"sanity\" in EMI to see items that can help regain sanity.",
    "icon": {
      "item": "sanitydim:garland"
    },
    "notification": {
      "toastOnTrigger": false
    }
  }
}