{
  "triggers": [],
  "objectives": [
    {
      "type": "questlog:item_craft",
      "total": 1,
      "item": "eclipticseasons:calendar",
      "display": {
        "name": "Craft a Calendar",
        "icon": {
          "item": "eclipticseasons:calendar"
        }
      }
    }
  ],
  "rewards": [
    {
      "type": "questlog:item",
      "item": "minecraft:wheat_seeds",
      "count": 16,
      "display": {
        "name": "Wild Seeds",
        "icon": {
          "item": "minecraft:wheat_seeds"
        }
      }
    }
  ],
  "display": {
    "title": "Seasons",
    "description": "Prepare for seasons and the different climates. Certain crops prefer certain seasons and climates. Hovering over a seed/crop in your inventory will show you what season and humidity they prefer. A good way around this would be to build a sufficient green house. (Greenhouse cores are not required)",
    "icon": {
      "item": "eclipticseasons:calendar"
    },
    "notification": {
      "toastOnTrigger": false
    }
  }
}