{
  "triggers": [],
  "objectives": [
    {
      "type": "questlog:block_place",
      "total": 1,
      "block": "hot_iron:smithing_anvil",
      "display": {
        "name": "Place Smithing Anvil",
        "icon": {
          "item": "hot_iron:smithing_anvil"
        }
      }
    },
    {
      "type": "questlog:block_place",
      "total": 1,
      "block": "hot_iron:chopping_stump",
      "display": {
        "name": "Place Chopping Stump",
        "icon": {
          "item": "hot_iron:chopping_stump"
        }
      }
    },
    {
      "type": "questlog:item_craft",
      "total": 1,
      "item": "hot_iron:bellows",
      "display": {
        "icon": {
          "item": "hot_iron:bellows"
        },
        "name": "Craft Bellows"
      }
    },
    {
      "type": "questlog:block_place",
      "total": 1,
      "block": "minecraft:grindstone",
      "display": {
        "name": "Place Grindstone",
        "icon": {
          "item": "minecraft:grindstone"
        }
      }
    },
    {
      "type": "questlog:item_craft",
      "total": 1,
      "item": "hot_iron:smithing_hammer",
      "display": {
        "name": "Craft Smithing Hammer",
        "icon": {
          "item": "hot_iron:smithing_hammer"
        }
      }
    },
    {
      "type": "questlog:item_craft",
      "total": 1,
      "item": "hot_iron:smithing_tongs",
      "display": {
        "name": "Craft Smithing Tongs",
        "icon": {
          "item": "hot_iron:smithing_tongs"
        }
      }
    }
  ],
  "rewards": [
    {
      "type": "questlog:item",
      "item": "minecraft:leather",
      "display": {
        "name": "Leftover Scrap",
        "icon": {
          "item": "minecraft:leather"
        }
      }
    }
  ],
  "display": {
    "title": "Smithing",
    "description": "Creating Iron, Gold, and Diamond Tools require advanced smithing. You need a few items to create them, shown below. Look up how to make tools and armor in EMI for more info.",
    "icon": {
      "item": "hot_iron:smithing_anvil"
    },
    "notification": {
      "toastOnTrigger": false
    }
  }
}