{
  "triggers": [
    {
      "type": "questlog:visit_dimension",
      "total": 1,
      "dimension": "minecraft:overworld"
    }
  ],
  "objectives": [
    {
      "type": "questlog:item_craft",
      "total": 1,
      "item": "farmersdelight:flint_knife",
      "display": {
        "icon": {
          "item": "farmersdelight:flint_knife"
        },
        "name": "Craft a Flint Knife"
      }
    },
    {
      "type": "questlog:item_craft",
      "total": 1,
      "item": "notreepunching:flint_axe",
      "display": {
        "name": "Craft a Flint Axe",
        "icon": {
          "item": "notreepunching:flint_axe"
        }
      }
    }
  ],
  "rewards": [
    {
      "type": "questlog:item",
      "item": "minecraft:flint",
      "count": 2,
      "display": {
        "name": "Scavenged Flint",
        "icon": {
          "item": "minecraft:flint"
        }
      }
    }
  ],
  "display": {
    "title": "The Flint Age",
    "description": "To begin your adventure in this world, you will have to acquire sticks and flint. Find sticks from the ground, by punching leaves, or breaking certain plants. From there, make a flint knife to gather Plant Fiber for a Flint Axe. You can create Flint Shards by right clicking Flint on Stone.",
    "icon": {
      "item": "minecraft:flint"
    }
  }
}