{
  "triggers": [],
  "objectives": [
    {
      "type": "questlog:block_place",
      "total": 1,
      "block": "legendarysurvivaloverhaul:sewing_table",
      "display": {
        "name": "Place a Sewing Table",
        "icon": {
          "item": "legendarysurvivaloverhaul:sewing_table"
        }
      }
    }
  ],
  "rewards": [
    {
      "type": "questlog:item",
      "item": "minecraft:string",
      "count": 2,
      "display": {
        "name": "Threads",
        "icon": {
          "item": "minecraft:string"
        }
      }
    }
  ],
  "display": {
    "title": "Temperature",
    "description": "You need to maintain your temperature to avoid getting hyper/hypothermia. ",
    "icon": {
      "item": "legendarysurvivaloverhaul:thermometer"
    },
    "notification": {
      "toastOnTrigger": false
    }
  }
}