{
  "triggers": [
    {
      "type": "questlog:item_craft",
      "total": 1,
      "item": "minecraft:ender_eye"
    }
  ],
  "objectives": [
    {
      "type": "questlog:visit_dimension",
      "total": 1,
      "dimension": "minecraft:the_end",
      "display": {
        "name": "Reach the Island",
        "icon": {
          "item": "minecraft:end_stone"
        }
      }
    }
  ],
  "rewards": [
    {
      "type": "questlog:item",
      "item": "brewinandchewin:vodka",
      "display": {
        "name": "You'll need this...",
        "icon": {
          "item": "brewinandchewin:vodka"
        }
      }
    }
  ],
  "display": {
    "title": "The End",
    "description": "The end is a cold, harrowing, dangerous location. Make sure you are ready before you try to take on the Dragon. The fight has been altered with more mechanics, the end is freezing, and sanity can drain rapidly. If you find yourself severely outmatched, use Dimensional Tears... or let the void save you...",
    "icon": {
      "item": "minecraft:end_portal_frame"
    },
    "sound": {
      "triggered": "eye"
    }
  }
}