{
  "triggers": [
    {
      "type": "questlog:block_place",
      "total": 1,
      "block": "minecraft:obsidian"
    }
  ],
  "objectives": [
    {
      "type": "questlog:visit_dimension",
      "total": 1,
      "dimension": "minecraft:the_nether",
      "display": {
        "name": "Enter the Nether",
        "icon": {
          "item": "spelunkery:portal_fluid_bottle"
        }
      }
    }
  ],
  "rewards": [
    {
      "type": "questlog:item",
      "item": "minecraft:redstone_torch",
      "display": {
        "name": "what?",
        "icon": {
          "item": "minecraft:redstone_torch"
        },
        "sound": {
          "claimed": "minecraft:ambient.cave"
        }
      }
    }
  ],
  "display": {
    "title": "The Nether",
    "description": "A Flint and Steel won't cut it. You will need a Bottle o' Dimensional Tears to open a Nether Portal. You can find one in ruined portal chests or obtain it by right clicking Crying Obsidian with a bottle.",
    "icon": {
      "texture": "minecraft:textures/block/nether_portal.png"
    }
  }
}