{
  "triggers": [],
  "objectives": [
    {
      "type": "questlog:item_craft",
      "total": 1,
      "item": "thinair:respirator",
      "display": {
        "icon": {
          "item": "thinair:respirator"
        },
        "name": "Craft a Respirator"
      }
    }
  ],
  "rewards": [
    {
      "type": "questlog:item",
      "item": "spelunkery:charcoal_lump",
      "count": 4,
      "display": {
        "name": "Extra Lumps",
        "icon": {
          "item": "spelunkery:charcoal_lump"
        }
      }
    }
  ],
  "display": {
    "title": "Air",
    "description": "The depths and high elevations will leave you breathless, literally. Craft respirators or create Free Breathing potions in order to avoid suffocating. The Nether and The End also have a severe lack of Air.",
    "icon": {
      "item": "thinair:respirator"
    },
    "notification": {
      "toastOnTrigger": false
    }
  }
}